Dataset,Accuracy,ROC-AUC,PR-AUC
wgEncodeAwgTfbsSydhK562CfosUniPk,0.9308155179023743,0.9794670939445496,0.9790373631278986
